1,"Eldon Base for stackable storage shelf, platinum",Muhammed MacIntyre,38.94
2,"1.7 Cubic Foot Compact ""Cube"" Office Refrigerators",Barry French,208.16
3,"Cardinal Slant-D� Ring Binder, Heavy Gauge Vinyl",Barry French,8.69
4,R380,Clay Rozendal,195.99
5,Holmes HEPA Air Purifier,Carlos Soltero,21.78
6,G.E. Longer-Life Indoor Recessed Floodlight Bulbs,Carlos Soltero,6.64
7,"Angle-D Binders with Locking Rings, Label Holders",Carl Jackson,7.3
8,"SAFCO Mobile Desk Side File, Wire Frame",Carl Jackson,42.76
9,"SAFCO Commercial Wire Shelving, Black",Monica Federle,138.14
10,Xerox 198,Dorothy Badders,4.98
11,Xerox 1980,Neola Schneider,4.28
12,Advantus Map Pennant Flags and Round Head Tacks,Neola Schneider,3.95
13,Holmes HEPA Air Purifier,Carlos Daly,21.78
14,"DS/HD IBM Formatted Diskettes, 200/Pack - Staples",Carlos Daly,47.98
15,"Wilson Jones 1"" Hanging DublLock� Ring Binders",Claudia Miner,5.28
16,Ultra Commercial Grade Dual Valve Door Closer,Neola Schneider,39.89
17,"#10-4 1/8"" x 9 1/2"" Premium Diagonal Seam Envelopes",Allen Rosenblatt,15.74
18,Hon 4-Shelf Metal Bookcases,Sylvia Foulston,100.98
19,"Lesro Sheffield Collection Coffee Table, End Table, Center Table, Corner Table",Sylvia Foulston,71.37
20,g520,Jim Radford,65.99
21,LX 788,Jim Radford,155.99
22,Avery 52,Carlos Soltero,3.69
23,Plymouth Boxed Rubber Bands by Plymouth,Carlos Soltero,4.71
24,"GBC Pre-Punched Binding Paper, Plastic, White, 8-1/2"" x 11""",Carl Ludwig,15.99
25,"Maxell 3.5"" DS/HD IBM-Formatted Diskettes, 10/Pack",Carl Ludwig,4.89
26,Newell 335,Don Miller,2.88
27,SANFORD Liquid Accent� Tank-Style Highlighters,Annie Cyprus,2.84
28,Canon PC940 Copier,Carl Ludwig,449.99
29,"Tenex Personal Project File with Scoop Front Design, Black",Carlos Soltero,13.48
30,Col-Erase� Pencils with Erasers,Grant Carroll,6.08
31,"Imation 3.5"" DS/HD IBM Formatted Diskettes, 10/Pack",Don Miller,5.98
32,"White Dual Perf Computer Printout Paper, 2700 Sheets, 1 Part, Heavyweight, 20 lbs., 14 7/8 x 11",Don Miller,40.99
33,Self-Adhesive Address Labels for Typewriters by Universal,Alan Barnes,7.31
34,Accessory37,Alan Barnes,20.99
35,Fuji 5.2GB DVD-RAM,Jack Garza,40.96
36,Bevis Steel Folding Chairs,Julia West,95.95
37,Avery Binder Labels,Eugene Barchas,3.89
38,Hon Every-Day� Chair Series Swivel Task Chairs,Eugene Barchas,120.98
39,"IBM Multi-Purpose Copy Paper, 8 1/2 x 11"", Case",Eugene Barchas,30.98
40,Global Troy� Executive Leather Low-Back Tilter,Edward Hooks,500.98
41,XtraLife� ClearVue� Slant-D� Ring Binders by Cardinal,Brad Eason,7.84
42,Computer Printout Paper with Letter-Trim Perforations,Nicole Hansen,18.97
43,6160,Dorothy Wardle,115.99
44,Avery 49,Aaron Bergman,2.88
45,Hoover Portapower� Portable Vacuum,Jim Radford,4.48
46,Timeport L7089,Annie Cyprus,125.99
47,Avery 510,Annie Cyprus,3.75
48,Xerox 1881,Annie Cyprus,12.28
49,LX 788,Annie Cyprus,155.99
50,"Cardinal Slant-D� Ring Binder, Heavy Gauge Vinyl",Annie Cyprus,8.69
51,"Memorex 4.7GB DVD-RAM, 3/Pack",Clay Rozendal,31.78
52,Unpadded Memo Slips,Don Jones,3.98
53,"Adams Telephone Message Book W/Dividers/Space For Phone Numbers, 5 1/4""X8 1/2"", 300/Messages",Beth Thompson,5.88
54,"Eldon Expressions� Desk Accessory, Wood Pencil Holder, Oak",Frank Price,9.65
55,Bell Sonecor JB700 Caller ID,Michelle Lonsdale,7.99
56,Avery Arch Ring Binders,Ann Chong,58.1
57,APC 7 Outlet Network SurgeArrest Surge Protector,Ann Chong,80.48
58,"Deflect-o RollaMat Studded, Beveled Mat for Medium Pile Carpeting",Joy Bell,92.23
59,Accessory4,Joy Bell,85.99
60,Personal Creations� Ink Jet Cards and Labels,Skye Norling,11.48
61,High Speed Automatic Electric Letter Opener,Barry Weirich,1637.53
62,Xerox 1966,Grant Carroll,6.48
63,Xerox 213,Grant Carroll,6.48
64,"Boston Electric Pencil Sharpener, Model 1818, Charcoal Black",Adrian Hane,28.15
65,Hammermill CopyPlus Copy Paper (20Lb. and 84 Bright),Skye Norling,4.98
66,"Telephone Message Books with Fax/Mobile Section, 5 1/2"" x 3 3/16""",Skye Norling,6.35
67,Crate-A-Files�,Andrew Gjertsen,10.9
68,"Angle-D Binders with Locking Rings, Label Holders",Ralph Knight,7.3
69,"80 Minute CD-R Spindle, 100/Pack - Staples",Dorothy Wardle,39.48
70,"Bush Westfield Collection Bookcases, Dark Cherry Finish, Fully Assembled",Dorothy Wardle,100.98
71,12-1/2 Diameter Round Wall Clock,Dorothy Wardle,19.98
72,SAFCO Arco Folding Chair,Grant Carroll,276.2
73,"#10 White Business Envelopes,4 1/8 x 9 1/2",Barry Weirich,15.67
74,3M Office Air Cleaner,Beth Paige,25.98
75,"Global Leather and Oak Executive Chair, Black",Sylvia Foulston,300.98
76,Xerox 1936,Nicole Hansen,19.98
77,Xerox 214,Nicole Hansen,6.48
78,Carina Double Wide Media Storage Towers in Natural & Black,Nicole Hansen,80.98
79,Staples� General Use 3-Ring Binders,Beth Paige,1.88
80,Xerox 1904,Beth Paige,6.48
81,Luxo Professional Combination Clamp-On Lamps,Beth Paige,102.3
82,Xerox 217,Beth Paige,6.48
83,Revere Boxed Rubber Bands by Revere,Beth Paige,1.89
84,"Acco Smartsocket� Table Surge Protector, 6 Color-Coded Adapter Outlets",Sylvia Foulston,62.05
85,"Tennsco Snap-Together Open Shelving Units, Starter Sets and Add-On Units",Bryan Davis,279.48
86,Hon 4070 Series Pagoda� Round Back Stacking Chairs,Joy Bell,320.98
87,Xerox 1887,Joy Bell,18.97
88,Xerox 1891,Joy Bell,48.91
89,Avery 506,Alan Barnes,4.13
90,"Bush Heritage Pine Collection 5-Shelf Bookcase, Albany Pine Finish, *Special Order",Grant Carroll,140.98
91,"Lifetime Advantage� Folding Chairs, 4/Carton",Grant Carroll,218.08
92,Microsoft Natural Multimedia Keyboard,Grant Carroll,50.98
93,"Staples Wirebound Steno Books, 6"" x 9"", 12/Pack",Delfina Latchford,10.14
94,"GBC Pre-Punched Binding Paper, Plastic, White, 8-1/2"" x 11""",Don Jones,15.99
95,Bevis Boat-Shaped Conference Table,Doug Bickford,262.11
96,"Linden� 12"" Wall Clock With Oak Frame",Doug Bickford,33.98
97,Newell 326,Doug Bickford,1.76
98,Prismacolor Color Pencil Set,Jamie Kunitz,19.84
99,Xerox Blank Computer Paper,Anthony Johnson,19.98
100,600 Series Flip,Ralph Knight,95.99
101,Fellowes Recycled Storage Drawers,Allen Rosenblatt,111.03
102,Satellite Sectional Post Binders,Barry Weirich,43.41
103,Deflect-o DuraMat Antistatic Studded Beveled Mat for Medium Pile Carpeting,Doug Bickford,105.34
104,Avery 487,Carl Jackson,3.69
105,Bevis Round Conference Table Top & Single Column Base,Brendan Dodson,146.34
106,"GBC Twin Loop� Wire Binding Elements, 9/16"" Spine, Black",Edward Hooks,15.22
107,Hanging Personal Folder File,Jamie Kunitz,15.7
108,"Bevis Round Conference Table Top, X-Base",Jamie Kunitz,179.29
109,5125,Michelle Lonsdale,200.99
110,Electrix Halogen Magnifier Lamp,Michelle Lonsdale,194.3
111,Canon BP1200DH 12-Digit Bubble Jet Printing Calculator,Brendan Dodson,120.97
112,Fellowes Black Plastic Comb Bindings,Hunter Glantz,5.81
113,Polycom ViewStation� Adapter H323 Videoconferencing Unit,Sylvia Foulston,1938.02
114,Hon GuestStacker Chair,Eugene Barchas,226.67
115,Eldon� Wave Desk Accessories,Jim Radford,2.08
116,Sharp AL-1530CS Digital Copier,Carlos Soltero,499.99
117,"Tennsco Lockers, Gray",Carlos Soltero,20.98
118,"Avery 4027 File Folder Labels for Dot Matrix Printers, 5000 Labels per Box, White",Carlos Soltero,30.53
119,Newell 323,Carlos Soltero,1.68
120,Global Enterprise Series Seating High-Back Swivel/Tilt Chairs,Jim Radford,270.98
121,Spiral Phone Message Books with Labels by Adams,Jim Radford,4.48
122,Crate-A-Files�,Grant Carroll,10.9
123,Bell Sonecor JB700 Caller ID,Grant Carroll,7.99
124,Holmes 99% HEPA Air Purifier,Skye Norling,21.66
125,Xerox 224,Doug Bickford,6.48
126,Xerox 1906,Grant Carroll,35.44
127,"GBC Pre-Punched Binding Paper, Plastic, White, 8-1/2"" x 11""",Muhammed MacIntyre,15.99
128,Xerox 188,Muhammed MacIntyre,11.34
129,Xerox 1932,Muhammed MacIntyre,35.44
130,GBC Linen Binding Covers,Doug Bickford,30.98
131,GBC Recycled Grain Textured Covers,Doug Bickford,34.54
132,"Sauder Facets Collection Library, Sky Alder Finish",Beth Thompson,170.98
133,"Fellowes Basic 104-Key Keyboard, Platinum",Ralph Knight,20.95
134,Kensington 7 Outlet MasterPiece Power Center with Fax/Phone Line Protection,Carl Jackson,207.48
135,O'Sullivan 3-Shelf Heavy-Duty Bookcases,Carl Jackson,58.14
136,G.E. Longer-Life Indoor Recessed Floodlight Bulbs,Dorothy Badders,6.64
137,Panasonic KX-P1150 Dot Matrix Printer,Dorothy Badders,145.45
138,Newell 327,Dorothy Badders,2.21
139,Xerox 1893,Delfina Latchford,40.99
140,"Hon Deluxe Fabric Upholstered Stacking Chairs, Rounded Back",Julia West,243.98
141,Eldon Radial Chair Mat for Low to Medium Pile Carpets,Julia West,39.98
142,"DAX Copper Panel Document Frame, 5 x 7 Size",Brad Eason,12.58
143,O'Sullivan 2-Shelf Heavy-Duty Bookcases,Thomas Seio,48.58
144,"Tenex 46"" x 60"" Computer Anti-Static Chairmat, Rectangular Shaped",Thomas Seio,105.98
145,"Wirebound Message Books, 2 7/8"" x 5"", 3 Forms per Page",Thomas Seio,7.04
146,"Memorex Slim 80 Minute CD-R, 10/Pack",Monica Federle,9.78
147,Aluminum Document Frame,Monica Federle,12.22
148,"Memorex 80 Minute CD-R Spindle, 100/Pack",Michelle Lonsdale,43.98
149,"Multi-Use Personal File Cart and Caster Set, Three Stacking Bins",Frank Price,34.76
150,Accessory36,Frank Price,55.99
151,Xerox 20,Bryan Davis,6.48
152,Surelock� Post Binders,Don Jones,30.56
153,Colorific� Watercolor Pencils,Carlos Soltero,5.16
154,"*Staples* vLetter Openers, 2/Pack",Carlos Soltero,3.68
155,Hon 4700 Series Mobuis� Mid-Back Task Chairs with Adjustable Arms,Nicole Hansen,355.98
156,BoxOffice By Design Rectangular and Half-Moon Meeting Room Tables,Nicole Hansen,218.75
157,Eldon Econocleat� Chair Mats for Low Pile Carpets,Beth Thompson,41.47
158,Prang Drawing Pencil Set,Beth Thompson,2.78
159,T39m,Beth Thompson,155.99
160,Xerox 1982,Nicole Hansen,22.84
161,Xerox 1924,Carlos Soltero,5.78
162,Turquoise Lead Holder with Pocket Clip,Carlos Soltero,6.7
163,Okidata ML395C Color Dot Matrix Printer,Dorothy Badders,1360.14
164,Global Enterprise Series Seating High-Back Swivel/Tilt Chairs,Muhammed MacIntyre,270.98
165,Microsoft Internet Keyboard,Muhammed MacIntyre,20.97
166,Xerox 1982,Don Miller,22.84
167,Global Ergonomic Managers Chair,Sylvia Foulston,180.98
168,"Office Star - Contemporary Task Swivel chair with 2-way adjustable arms, Plum",Becky Castell,130.98
169,Xerox 1971,Dorothy Wardle,4.28
170,Eldon Portable Mobile Manager,Dorothy Wardle,28.28
171,Accessory6,Dorothy Wardle,55.99
172,Durable Pressboard Binders,Ann Chong,3.8
173,Fellowes 17-key keypad for PS/2 interface,Ann Chong,30.73
174,StarTAC ST7762,Ann Chong,125.99
175,Accessory21,Clay Rozendal,20.99
176,Fellowes PB500 Electric Punch Plastic Comb Binding Machine with Manual Bind,Grant Carroll,1270.99
177,Staples 6 Outlet Surge,Brendan Dodson,11.97
178,Recycled Eldon Regeneration Jumbo File,Carlos Daly,12.28
179,Verbatim DVD-R 4.7GB authoring disc,Alan Barnes,39.24
180,Canon P1-DHIII Palm Printing Calculator,Alan Barnes,17.98
181,GBC Binding covers,Alan Barnes,12.95
182,Newell 323,Nicole Hansen,1.68
183,"Global Stack Chair without Arms, Black",Cari Schnelling,25.98
184,"Speediset Carbonless Redi-Letter� 7"" x 8 1/2""",Chad Cunningham,10.31
185,GBC Recycled Regency Composition Covers,Bryan Mills,59.78
186,Accessory29,Bryan Mills,20.99
187,Newell 323,Adrian Hane,1.68
188,SANFORD Major Accent� Highlighters,Adrian Hane,7.08
189,Polycom ViaVideo� Desktop Video Communications Unit,Rick Reed,574.74
190,"Dixon Ticonderoga Core-Lock Colored Pencils, 48-Color Set",Heather Kirkland,36.55
191,Accessory24,Fred Wasserman,55.99
192,"Howard Miller 13-3/4"" Diameter Brushed Chrome Round Wall Clock",Becky Castell,51.75
193,Recycled Steel Personal File for Standard File Folders,Becky Castell,55.29
194,"Eldon Expressions� Desk Accessory, Wood Pencil Holder, Oak",Beth Thompson,9.65
195,Accessory39,Claudia Miner,20.99
196,Bell Sonecor JB700 Caller ID,Jack Lebron,7.99
197,"#10- 4 1/8"" x 9 1/2"" Security-Tint Envelopes",Alan Barnes,7.64
198,GBC Standard Plastic Binding Systems Combs,Carlos Soltero,8.85
199,Xerox 1930,Clay Rozendal,6.48
200,Avery 474,Clay Rozendal,2.88
201,"Riverside Palais Royal Lawyers Bookcase, Royale Cherry Finish",Julia West,880.98
202,Hewlett-Packard Deskjet 6122 Color Inkjet Printer,Alan Barnes,200.97
203,"IBM 80 Minute CD-R Spindle, 50/Pack",Joy Bell,20.89
204,"Peel & Seel� Recycled Catalog Envelopes, Brown",Joy Bell,11.58
205,Avery 506,Joy Bell,4.13
206,Prang Drawing Pencil Set,Jack Lebron,2.78
207,TDK 4.7GB DVD+RW,Anthony Johnson,14.48
208,U.S. Robotics 56K Internet Call Modem,Anthony Johnson,99.99
209,Xerox 190,Anthony Johnson,4.98
210,Standard Line� �While You Were Out� Hardbound Telephone Message Book,Eugene Barchas,21.98
211,CF 888,Eugene Barchas,195.99
212,Hewlett-Packard Deskjet 6122 Color Inkjet Printer,Thomas Seio,200.97
213,Dana Halogen Swing-Arm Architect Lamp,Bryan Mills,40.97
214,"SAFCO PlanMaster Heigh-Adjustable Drafting Table Base, 43w x 30d x 30-37h, Black",Bryan Mills,349.45
215,Lexmark Z25 Color Inkjet Printer,Eugene Barchas,80.97
216,Hon Multipurpose Stacking Arm Chairs,Sylvia Foulston,216.6
217,Hon Olson Stacker Stools,Sylvia Foulston,140.81
218,"Executive Impressions 14"" Two-Color Numerals Wall Clock",Carl Ludwig,22.72
219,12-1/2 Diameter Round Wall Clock,Julia West,19.98
220,Epson DFX5000+ Dot Matrix Printer,Don Jones,1500.97
221,"Fellowes Basic 104-Key Keyboard, Platinum",Mike Pelletier,20.95
222,"Recycled Interoffice Envelopes with String and Button Closure, 10 x 13",Mike Pelletier,23.99
223,GBC Standard Therm-A-Bind Covers,Eugene Barchas,24.92
224,"80 Minute CD-R Spindle, 100/Pack - Staples",Ann Chong,39.48
225,Xerox 1892,Ann Chong,38.76
226,Staples Paper Clips,Charles McCrossin,2.47
227,"Metal Folding Chairs, Beige, 4/Carton",Annie Cyprus,33.94
228,"80 Minute Slim Jewel Case CD-R , 10/Pack - Staples",Annie Cyprus,8.33
229,Computer Printout Paper with Letter-Trim Perforations,Carlos Soltero,18.97
230,Bush Mission Pointe Library,Doug Bickford,150.98
231,Hon Olson Stacker Stools,Carlos Daly,140.81
232,Xerox 1929,Fred Wasserman,22.84
233,Home/Office Personal File Carts,Fred Wasserman,34.76
234,Avery 507,Sylvia Foulston,2.88
235,i470,Michelle Lonsdale,205.99
236,3M Organizer Strips,Sylvia Foulston,5.4
237,"Imation 3.5 IBM Diskettes, 10/Box",Sylvia Foulston,8.46
238,"GE 4 Foot Flourescent Tube, 40 Watt",Sylvia Foulston,14.98
239,300 Series Non-Flip,Sylvia Foulston,155.99
240,"Executive Impressions 13"" Chairman Wall Clock",Charlotte Melton,25.38
241,Micro Innovations 104 Keyboard,Barry French,10.97
242,US Robotics 56K V.92 External Faxmodem,Heather Kirkland,99.99
243,Fellowes Staxonsteel� Drawer Files,Heather Kirkland,193.17
244,Accessory39,Heather Kirkland,20.99
245,Telescoping Adjustable Floor Lamp,Henry Goldwyn,19.99
246,Canon MP41DH Printing Calculator,Frank Price,150.98
247,"Sauder Facets Collection Locker/File Cabinet, Sky Alder Finish",Jim Radford,370.98
248,VTech VT20-2481 2.4GHz Two-Line Phone System w/Answering Machine,Jim Radford,179.99
249,"Memo Book, 100 Message Capacity, 5 3/8� x 11�",Ralph Knight,6.74
250,Belkin 6 Outlet Metallic Surge Strip,Delfina Latchford,10.89
251,Xerox 21,Delfina Latchford,6.48
252,GBC DocuBind TL200 Manual Binding Machine,Roy Skaria,223.98
253,"Sauder Forest Hills Library, Woodland Oak Finish",Roy Skaria,140.98
254,Xerox 1940,Monica Federle,54.96
255,Bagged Rubber Bands,Monica Federle,1.26
256,Xerox 1897,Charles McCrossin,4.98
257,Poly Designer Cover & Back,Don Miller,18.99
258,Bionaire Personal Warm Mist Humidifier/Vaporizer,Jeremy Lonsdale,46.89
259,"Acme� 8"" Straight Scissors",Jeremy Lonsdale,12.98
260,Heavy-Duty E-Z-D� Binders,Grant Carroll,10.91
261,Hammermill CopyPlus Copy Paper (20Lb. and 84 Bright),Carl Ludwig,4.98
262,Deluxe Rollaway Locking File with Drawer,Carlos Daly,415.88
263,252,Ralph Knight,65.99
264,6160,Cindy Schnelling,115.99
265,"Imation 3.5, DISKETTE 44766 HGHLD3.52HD/FM, 10/Pack",Claudia Miner,5.02
266,Prismacolor Color Pencil Set,Roy Skaria,19.84
267,Wilson Jones DublLock� D-Ring Binders,Delfina Latchford,6.75
268,Binder Posts,Edward Hooks,5.74
269,Epson LQ-570e Dot Matrix Printer,Edward Hooks,270.97
270,"Atlantic Metals Mobile 3-Shelf Bookcases, Custom Colors",Don Miller,260.98
271,Fellowes PB300 Plastic Comb Binding Machine,Grant Carroll,387.99
272,Rush Hierlooms Collection Rich Wood Bookcases,Grant Carroll,160.98
273,Avery 481,Brad Eason,3.08
274,Sharp AL-1530CS Digital Copier,Charles McCrossin,499.99
275,"SAFCO Commercial Wire Shelving, Black",Charles McCrossin,138.14
276,"Avery Trapezoid Extra Heavy Duty 4"" Binders",Charles McCrossin,41.94
277,Self-Adhesive Address Labels for Typewriters by Universal,Charles McCrossin,7.31
278,StarTAC Series,Bryan Mills,65.99
279,"Rediform Wirebound ""Phone Memo"" Message Book, 11 x 5-3/4",Monica Federle,7.64
280,Dana Halogen Swing-Arm Architect Lamp,Michelle Lonsdale,40.97
281,Global Comet� Stacking Armless Chair,Michelle Lonsdale,299.05
282,Hon 4070 Series Pagoda� Armless Upholstered Stacking Chairs,Michelle Lonsdale,291.73
283,"Fellowes Internet Keyboard, Platinum",Michelle Lonsdale,30.42
284,Deluxe Rollaway Locking File with Drawer,Beth Thompson,415.88
285,Luxo Economy Swing Arm Lamp,Cindy Schnelling,19.94
286,"*Staples* vLetter Openers, 2/Pack",Cindy Schnelling,3.68
287,Staples 6 Outlet Surge,Nicole Hansen,11.97
288,Acco Perma� 2700 Stacking Storage Drawers,Nicole Hansen,29.74
289,Fellowes Stor/Drawer� Steel Plus� Storage Drawers,Nicole Hansen,95.43
290,Honeywell Enviracaire Portable HEPA Air Cleaner for 17' x 22' Room,Cari Schnelling,300.65
291,"Verbatim DVD-RAM, 9.4GB, Rewritable, Type 1, DS, DataLife Plus",Cari Schnelling,45.19
292,Lock-Up Easel 'Spel-Binder',Roy Skaria,28.53
293,"Adams Write n' Stick Phone Message Book, 11"" X 5 1/4"", 200 Messages",Susan Vittorini,5.68
294,"Tenex File Box, Personal Filing Tote with Lid, Black",Susan Vittorini,15.51
295,Fellowes Black Plastic Comb Bindings,Sylvia Foulston,5.81
296,Assorted Color Push Pins,Sylvia Foulston,1.81
297,HP Office Paper (20Lb. and 87 Bright),Chad Cunningham,6.68
298,Staples Vinyl Coated Paper Clips,Chad Cunningham,3.93
299,Canon MP41DH Printing Calculator,Carlos Daly,150.98
300,Newell 310,Carlos Daly,1.76
301,Kensington 7 Outlet MasterPiece Power Center,Grant Carroll,177.98
302,"DAX Metal Frame, Desktop, Stepped-Edge",Julia West,20.24
303,Bush Mission Pointe Library,Roy Skaria,150.98
304,Accessory21,Cindy Schnelling,20.99
305,8860,Don Jones,65.99
306,Array� Memo Cubes,Beth Thompson,5.18
307,"Fiskars 8"" Scissors, 2/Pack",Beth Thompson,17.24
308,12 Colored Short Pencils,Alan Barnes,2.6
309,Pizazz� Global Quick File�,Alan Barnes,14.97
310,Imation 5.2GB DVD-RAM,Carl Ludwig,60.98
311,Acco Perma� 2700 Stacking Storage Drawers,Carl Ludwig,29.74
312,Portable Personal File Box,Carl Ludwig,12.21
313,"Snap-A-Way� Black Print Carbonless Speed Message, No Reply Area, Duplicate",Jamie Kunitz,29.14
314,Ibico Covers for Plastic or Wire Binding Elements,Heather Kirkland,11.5
315,Hanging Personal Folder File,Heather Kirkland,15.7
316,Tennsco Double-Tier Lockers,Heather Kirkland,225.02
317,"Wirebound Message Books, Four 2 3/4"" x 5"" Forms per Page, 600 Sets per Book",Doug Bickford,9.27
318,"Acme Design Line 8"" Stainless Steel Bent Scissors w/Champagne Handles, 3-1/8"" Cut",Doug Bickford,6.84
319,"Imation 3.5"", DISKETTE 44766 HGHLD3.52HD/FM, 10/Pack",Doug Bickford,4.98
320,PC Concepts 116 Key Quantum 3000 Keyboard,Doug Bickford,32.98
321,Epson Stylus 1520 Color Inkjet Printer,Carlos Daly,500.97
322,Avery 494,Toby Braunhardt,2.61
323,Self-Adhesive Address Labels for Typewriters by Universal,Toby Braunhardt,7.31
324,Accessory37,Toby Braunhardt,20.99
325,Wilson Jones 14 Line Acrylic Coated Pressboard Data Binders,Cari Schnelling,5.34
326,Eureka Disposable Bags for Sanitaire� Vibra Groomer I� Upright Vac,Thomas Seio,4.06
327,AT&T 2230 Dual Handset Phone With Caller ID/Call Waiting,Thomas Seio,99.99
328,"Peel & Seel� Recycled Catalog Envelopes, Brown",Thomas Seio,11.58
329,Cardinal Poly Pocket Divider Pockets for Ring Binders,Brendan Dodson,3.36
330,Canon PC1060 Personal Laser Copier,Brendan Dodson,699.99
331,Sterling Rubber Bands by Alliance,Charlotte Melton,4.71
332,Newell 312,Beth Thompson,5.84
333,BoxOffice By Design Rectangular and Half-Moon Meeting Room Tables,Beth Thompson,218.75
334,"Imation 3.5"" DS/HD IBM Formatted Diskettes, 50/Pack",Eugene Barchas,15.98
335,"Avery Flip-Chart Easel Binder, Black",Michelle Lonsdale,22.38
336,GBC Binding covers,Michelle Lonsdale,12.95
337,R280,Grant Carroll,155.99
338,Accessory9,Beth Paige,35.99
339,U.S. Robotics 56K Internet Call Modem,Dorothy Wardle,99.99
340,Tennsco Industrial Shelving,Muhammed MacIntyre,48.91
341,Staples Bulldog Clip,Charlotte Melton,3.78
342,"Micro Innovations Micro 3000 Keyboard, Black",Muhammed MacIntyre,26.31
343,"Fellowes Basic 104-Key Keyboard, Platinum",Claudia Miner,20.95
344,Xerox 1882,Claudia Miner,55.98
345,Carina Double Wide Media Storage Towers in Natural & Black,Claudia Miner,80.98
346,Portable Personal File Box,Brendan Dodson,12.21
347,"Acme Hot Forged Carbon Steel Scissors with Nickel-Plated Handles, 3 7/8"" Cut, 8""L",Dorothy Wardle,13.9
348,Eldon Cleatmat� Chair Mats for Medium Pile Carpets,Mike Pelletier,55.5
349,Xerox 4200 Series MultiUse Premium Copy Paper (20Lb. and 84 Bright),Edward Hooks,5.28
350,Hon 94000 Series Round Tables,Edward Hooks,296.18
351,"Deflect-o RollaMat Studded, Beveled Mat for Medium Pile Carpeting",Jamie Kunitz,92.23
352,Fellowes PB500 Electric Punch Plastic Comb Binding Machine with Manual Bind,Jamie Kunitz,1270.99
353,"Global High-Back Leather Tilter, Burgundy",Julia West,122.99
354,Poly Designer Cover & Back,Jeremy Lonsdale,18.99
355,"Lifetime Advantage� Folding Chairs, 4/Carton",Jeremy Lonsdale,218.08
356,"DAX Contemporary Wood Frame with Silver Metal Mat, Desktop, 11 x 14 Size",Jeremy Lonsdale,20.24
357,Stockwell Push Pins,Jeremy Lonsdale,2.18
358,"Imation 3.5"", DISKETTE 44766 HGHLD3.52HD/FM, 10/Pack",Cindy Schnelling,4.98
359,8260,Heather Kirkland,65.99
360,3390,Alan Barnes,65.99
361,"Global Deluxe Stacking Chair, Gray",Hunter Glantz,50.98
362,Bevis 36 x 72 Conference Tables,Hunter Glantz,124.49
363,"Avery Flip-Chart Easel Binder, Black",Hunter Glantz,22.38
364,"Howard Miller 16"" Diameter Gallery Wall Clock",Julia West,63.94
365,"ACCOHIDE� 3-Ring Binder, Blue, 1""",Carlos Daly,4.13
366,"Global High-Back Leather Tilter, Burgundy",Barry French,122.99
367,"Wilson Jones Hanging View Binder, White, 1""",Susan Vittorini,7.1
368,Boston 1730 StandUp Electric Pencil Sharpener,Carl Jackson,21.38
369,Accessory31,Carl Jackson,35.99
370,Accessory8,Carl Jackson,85.99
371,Fellowes 17-key keypad for PS/2 interface,Alan Barnes,30.73
372,Hanging Personal Folder File,Charlotte Melton,15.7
373,Ibico Covers for Plastic or Wire Binding Elements,Beth Thompson,11.5
374,Hoover Portapower� Portable Vacuum,Bryan Mills,4.48
375,Fellowes Command Center 5-outlet power strip,Alan Barnes,67.84
376,SAFCO Arco Folding Chair,Alan Barnes,276.2
377,Accessory12,Beth Paige,85.99
378,"Global Leather Highback Executive Chair with Pneumatic Height Adjustment, Black",Mike Pelletier,200.98
379,3390,Delfina Latchford,65.99
380,GBC DocuBind TL300 Electric Binding System,Susan Vittorini,896.99
381,"GBC Prepunched Paper, 19-Hole, for Binding Systems, 24-lb",Dorothy Wardle,15.01
382,Microsoft Internet Keyboard,Dorothy Wardle,20.97
383,TDK 4.7GB DVD-R,Dorothy Wardle,10.01
384,Xerox 1977,Susan Vittorini,6.68
385,DAX Solid Wood Frames,Jamie Kunitz,9.77
386,Honeywell Enviracaire� Portable Air Cleaner for up to 8 x 10 Room,Fred Wasserman,76.72
387,Belkin 8 Outlet SurgeMaster II Gold Surge Protector,Doug Bickford,59.98
388,8260,Fred Wasserman,65.99
389,"Recycled Interoffice Envelopes with String and Button Closure, 10 x 13",Susan Vittorini,23.99
390,Multimedia Mailers,Doug Bickford,162.93
391,"White Business Envelopes with Contemporary Seam, Recycled White Business Envelopes",Claudia Miner,10.94
392,"Avery Trapezoid Ring Binder, 3"" Capacity, Black, 1040 sheets",Claudia Miner,40.98
393,"DXL� Angle-View Binders with Locking Rings, Black",Frank Price,5.99
394,8260,Frank Price,65.99
395,Newell� 3-Hole Punched Plastic Slotted Magazine Holders for Binders,Dorothy Wardle,4.57
396,Laser & Ink Jet Business Envelopes,Dorothy Wardle,10.67
397,Okidata ML390 Turbo Dot Matrix Printers,Dorothy Wardle,442.14
398,"Eldon Regeneration Recycled Desk Accessories, Smoke",Allen Rosenblatt,1.74
399,Accessory36,Dorothy Wardle,55.99
400,"Linden� 12"" Wall Clock With Oak Frame",Julia West,33.98
401,2160i,Ralph Knight,200.99
402,Global Deluxe High-Back Office Chair in Storm,Michelle Lonsdale,135.99
403,"Howard Miller 16"" Diameter Gallery Wall Clock",Charlotte Melton,63.94
404,Canon MP100DHII Printing Calculator,Charlotte Melton,140.99
405,Accessory21,Allen Rosenblatt,20.99
406,Verbatim DVD-R 4.7GB authoring disc,Neola Schneider,39.24
407,"Rediform Wirebound ""Phone Memo"" Message Book, 11 x 5-3/4",Neola Schneider,7.64
408,"C-Line Cubicle Keepers Polyproplyene Holder w/Velcro� Back, 8-1/2x11, 25/Bx",Joy Bell,54.74
409,Avery 51,Monica Federle,6.3
410,SANFORD Liquid Accent� Tank-Style Highlighters,Jamie Kunitz,2.84
411,Avery Poly Binder Pockets,Susan Vittorini,3.58
412,"Dixon My First Ticonderoga Pencil, #2",Susan Vittorini,5.85
413,Acco� Hot Clips� Clips to Go,Susan Vittorini,3.29
414,Fiskars� Softgrip Scissors,Charles McCrossin,10.98
415,"Elite 5"" Scissors",Cari Schnelling,8.45
416,Eldon Wave Desk Accessories,Doug Bickford,5.89
417,Avery 478,Don Miller,4.91
418,Boston 16701 Slimline Battery Pencil Sharpener,Don Miller,15.94
419,Xerox 1982,Fred Wasserman,22.84
420,"Soundgear Copyboard Conference Phone, Optional Battery",Bryan Mills,204.1
421,"Dot Matrix Printer Tape Reel Labels, White, 5000/Box",Carlos Daly,98.31
422,Euro Pro Shark Stick Mini Vacuum,Joy Bell,60.98
423,Panasonic KX-P1150 Dot Matrix Printer,Claudia Miner,145.45
424,Recycled Eldon Regeneration Jumbo File,Claudia Miner,12.28
425,"Tenex Contemporary Contur Chairmats for Low and Medium Pile Carpet, Computer, 39"" x 49""",Beth Thompson,107.53
426,Avery 498,Allen Rosenblatt,2.89
427,Premium Transparent Presentation Covers by GBC,Beth Thompson,20.98
428,"Barricks 18"" x 48"" Non-Folding Utility Table with Bottom Storage Shelf",Beth Thompson,100.8
429,GBC VeloBinder Electric Binding Machine,Susan Vittorini,120.98
430,Brown Kraft Recycled Envelopes,Sylvia Foulston,16.98
431,"Acme� 8"" Straight Scissors",Joy Bell,12.98
432,Bell Sonecor JB700 Caller ID,Becky Castell,7.99
433,A1228,Carlos Daly,195.99
434,"3M Polarizing Task Lamp with Clamp Arm, Light Gray",Cari Schnelling,136.98
435,8290,Jim Radford,125.99
436,Hewlett-Packard Deskjet 5550 Color Inkjet Printer,Allen Rosenblatt,115.99
437,Fellowes Neat Ideas� Storage Cubes,Dorothy Badders,32.48
438,"Lesro Round Back Collection Coffee Table, End Table",Dorothy Badders,182.55
439,Avery 492,Mike Pelletier,2.88
440,Newell 343,Mike Pelletier,2.94
441,Recycled Eldon Regeneration Jumbo File,Doug Bickford,12.28
442,"SAFCO PlanMaster Heigh-Adjustable Drafting Table Base, 43w x 30d x 30-37h, Black",Doug Bickford,349.45
443,Canon S750 Color Inkjet Printer,Susan Vittorini,120.97
444,Panasonic KP-310 Heavy-Duty Electric Pencil Sharpener,Andrew Gjertsen,21.98
445,"AT&T Black Trimline Phone, Model 210",Muhammed MacIntyre,15.99
446,Newell 318,Muhammed MacIntyre,2.78
447,"Staples Pen Style Liquid Stix; Assorted (yellow, pink, green, blue, orange), 5/Pack",Muhammed MacIntyre,6.47
448,Staples Vinyl Coated Paper Clips,Muhammed MacIntyre,3.93
449,"3M Polarizing Task Lamp with Clamp Arm, Light Gray",Jim Radford,136.98
450,Avery 491,Bryan Davis,4.13
451,Fellowes Black Plastic Comb Bindings,Anthony Johnson,5.81
452,"Eldon Expressions� Desk Accessory, Wood Pencil Holder, Oak",Anthony Johnson,9.65
453,O'Sullivan 3-Shelf Heavy-Duty Bookcases,Doug Bickford,58.14
454,T18,Carlos Daly,110.99
455,Sanyo 2.5 Cubic Foot Mid-Size Office Refrigerators,Don Miller,279.81
456,Honeywell Quietcare HEPA Air Cleaner,Don Jones,78.65
457,Staples Colored Bar Computer Paper,Chad Cunningham,35.44
458,Boston 16765 Mini Stand Up Battery Pencil Sharpener,Ralph Arnett,11.66
459,Staples Battery-Operated Desktop Pencil Sharpener,Ralph Arnett,10.48
460,Eldon� 200 Class� Desk Accessories,Nicole Hansen,6.28
461,"Memorex 80 Minute CD-R, 30/Pack",Fred Wasserman,22.98
462,"Global Leather and Oak Executive Chair, Black",Bryan Mills,300.98
463,"Dual Level, Single-Width Filing Carts",Ralph Arnett,155.06
464,"Fellowes Smart Design 104-Key Enhanced Keyboard, PS/2 Adapter, Platinum",Doug Bickford,55.94
465,"Wilson Jones 1"" Hanging DublLock� Ring Binders",Eugene Barchas,5.28
466,"Master Giant Foot� Doorstop, Safety Yellow",Brad Eason,7.59
467,"Perma STOR-ALL� Hanging File Box, 13 1/8""W x 12 1/4""D x 10 1/2""H",Brad Eason,5.98
468,Epson DFX-8500 Dot Matrix Printer,Dorothy Wardle,2550.14
469,Xerox 194,Ralph Knight,55.48
470,SouthWestern Bell FA970 Digital Answering Machine with Time/Day Stamp,Sylvia Foulston,28.99
471,Avery 493,Neola Schneider,4.91
472,"Bevis Round Bullnose 29"" High Table Top",Neola Schneider,259.71
473,GBC Recycled Regency Composition Covers,Grant Carroll,59.78
474,Avery 506,Grant Carroll,4.13
475,Xerox 197,Grant Carroll,30.98
476,"Eldon� Expressions� Wood Desk Accessories, Oak",Julia West,7.38
477,Xerox 1935,Muhammed MacIntyre,26.38
478,Peel & Stick Add-On Corner Pockets,Susan Vittorini,2.16
479,Eureka The Boss� Cordless Rechargeable Stick Vac,Sylvia Foulston,50.98
480,Eldon� Wave Desk Accessories,Doug Bickford,2.08
481,Xerox 1905,Doug Bickford,6.48
482,Fellowes Bankers Box� Staxonsteel� Drawer File/Stacking System,Doug Bickford,64.98
483,"Executive Impressions 13"" Clairmont Wall Clock",Dorothy Badders,19.23
484,"Global Leather and Oak Executive Chair, Black",Henry Goldwyn,300.98
485,Global Troy� Executive Leather Low-Back Tilter,Henry Goldwyn,500.98
486,"Verbatim DVD-RAM, 9.4GB, Rewritable, Type 1, DS, DataLife Plus",Henry Goldwyn,45.19
487,Staples SlimLine Pencil Sharpener,Grant Carroll,11.97
488,Presstex Flexible Ring Binders,Chad Cunningham,4.55
489,"Memorex 4.7GB DVD+RW, 3/Pack",Beth Thompson,28.48
490,Eldon Image Series Black Desk Accessories,Beth Thompson,4.14
491,Avery 485,Andrew Gjertsen,12.53
492,"Dixon My First Ticonderoga Pencil, #2",Andrew Gjertsen,5.85
493,Global Adaptabilities� Conference Tables,Sylvia Foulston,280.98
494,Kensington 7 Outlet MasterPiece Power Center,Michelle Lonsdale,177.98
495,"Global Deluxe Stacking Chair, Gray",Michelle Lonsdale,50.98
496,Xerox 1885,Cari Schnelling,48.04
497,Avery 479,Henry Goldwyn,2.61
498,"AT&T Black Trimline Phone, Model 210",Edward Hooks,15.99
499,"Fellowes Twister Kit, Gray/Clear, 3/pkg",Brendan Dodson,8.04
500,Eldon Pizzaz� Desk Accessories,Brendan Dodson,2.23
501,GBC Binding covers,Harold Engle,12.95
502,Hewlett-Packard Deskjet 5550 Color Inkjet Printer,Roy French,115.99
503,Talkabout T8367,Helen Abelman,65.99
504,Logitech Access Keyboard,Guy Armstrong,15.98
505,"Fellowes Strictly Business� Drawer File, Letter/Legal Size",Jennifer Braxton,140.85
506,Newell 336,Giulietta Baptist,4.28
507,"Conquest� 14 Commercial Heavy-Duty Upright Vacuum, Collection System, Accessory Kit",Jack Lebron,56.96
508,"Tennsco Snap-Together Open Shelving Units, Starter Sets and Add-On Units",Jack Lebron,279.48
509,GBC DocuBind P100 Manual Binding Machine,Erica Bern,165.98
510,Avery 497,Erica Bern,3.08
511,SAFCO Folding Chair Trolley,Helen Abelman,128.24
512,"Manila Recycled Extra-Heavyweight Clasp Envelopes, 6"" x 9""",Guy Armstrong,10.98
513,"Verbatim DVD-RAM, 5.2GB, Rewritable, Type 1, DS",Helen Abelman,29.89
514,Keytronic Designer 104- Key Black Keyboard,Christopher Schild,40.48
515,Accessory31,Roy French,35.99
516,Avanti 4.4 Cu. Ft. Refrigerator,Roy French,180.98
517,Bush Mission Pointe Library,Jennifer Braxton,150.98
518,"Acco Pressboard Covers with Storage Hooks, 14 7/8"" x 11"", Dark Blue",Jennifer Braxton,3.81
519,Ibico Covers for Plastic or Wire Binding Elements,Joy Smith,11.5
520,Boston KS Multi-Size Manual Pencil Sharpener,Evan Minnotte,22.99
521,"Hunt BOSTON� Vista� Battery-Operated Pencil Sharpener, Black",Evan Minnotte,11.66
522,Martin-Yale Premier Letter Opener,Jenna Caffey,12.88
523,Recycled Premium Regency Composition Covers,Harold Engle,15.28
524,"Atlantic Metals Mobile 5-Shelf Bookcases, Custom Colors",Harold Engle,300.98
525,i1000,Harold Engle,65.99
526,Avery 493,Harold Engle,4.91
527,Fellowes Super Stor/Drawer�,Harold Engle,27.75
528,"Rubbermaid ClusterMat Chairmats, Mat Size- 66"" x 60"", Lip 20"" x 11"" -90 Degree Angle",Hilary Holden,110.98
529,*Staples* Letter Opener,Hilary Holden,2.18
530,Canon PC1060 Personal Laser Copier,Hilary Holden,699.99
531,LX 677,Hilary Holden,110.99
532,Avery Hi-Liter� Fluorescent Desk Style Markers,Christopher Schild,3.38
533,"#10- 4 1/8"" x 9 1/2"" Recycled Envelopes",Harold Engle,8.74
534,Acco Suede Grain Vinyl Round Ring Binder,Greg Guthrie,2.78
535,Eldon Image Series Black Desk Accessories,Greg Guthrie,4.14
536,Xerox 213,Greg Guthrie,6.48
537,Newell 342,Greg Guthrie,3.28
538,"Staples #10 Laser & Inkjet Envelopes, 4 1/8"" x 9 1/2"", 100/Box",Guy Armstrong,9.78
539,Newell 337,Guy Armstrong,3.28
540,GBC Binding covers,Joy Smith,12.95
541,GBC Standard Therm-A-Bind Covers,Joy Smith,24.92
542,"Micro Innovations Micro Digital Wireless Keyboard and Mouse, Gray",Erica Bern,83.1
543,Eldon ClusterMat Chair Mat with Cordless Antistatic Protection,Erica Bern,90.98
544,Xerox 1985,Dan Reichenbach,6.48
545,Zoom V.92 V.44 PCI Internal Controllerless FaxModem,Erica Bern,39.99
546,"Global Leather and Oak Executive Chair, Black",Guy Armstrong,300.98
547,"Tennsco Lockers, Sand",Guy Armstrong,20.98
548,Xerox 1920,Evan Minnotte,5.98
549,Xerox 1928,Joy Smith,5.28
550,Xerox 1939,Joy Smith,18.97
551,StarTAC 7760,Joy Smith,65.99
552,Magna Visual Magnetic Picture Hangers,Paul Gonzalez,4.82
553,M3682,Filia McAdams,125.99
554,Xerox 1978,Joy Smith,5.78
555,"Sauder Forest Hills Library, Woodland Oak Finish",Greg Guthrie,140.98
556,"Global High-Back Leather Tilter, Burgundy",Greg Guthrie,122.99
557,"Wirebound Message Book, 4 per Page",Joy Smith,5.43
558,"Memorex 4.7GB DVD+RW, 3/Pack",Joy Smith,28.48
559,Hoover WindTunnel� Plus Canister Vacuum,Greg Guthrie,363.25
560,Newell 335,Greg Guthrie,2.88
561,Zoom V.92 USB External Faxmodem,Jack Lebron,49.99
562,Telescoping Adjustable Floor Lamp,Joy Smith,19.99
563,"Wilson Jones Ledger-Size, Piano-Hinge Binder, 2"", Blue",Evan Minnotte,40.98
564,"Eldon Expressions Punched Metal & Wood Desk Accessories, Pewter & Cherry",Chuck Magee,10.64
565,Prang Drawing Pencil Set,Chuck Magee,2.78
566,Xerox 1992,Filia McAdams,5.98
567,TI 36X Solar Scientific Calculator,Jack Lebron,23.99
568,V 3600 Series,Jack Lebron,65.99
569,Sharp AL-1530CS Digital Copier,Jack Lebron,499.99
570,Hon 4-Shelf Metal Bookcases,Harold Engle,100.98
571,"Deflect-o EconoMat Nonstudded, No Bevel Mat",Harold Engle,51.65
572,Lock-Up Easel 'Spel-Binder',Jack Lebron,28.53
573,U.S. Robotics 56K Internet Call Modem,Jack Lebron,99.99
574,Boston 1730 StandUp Electric Pencil Sharpener,Frank Atkinson,21.38
575,Bretford CR4500 Series Slim Rectangular Table,Frank Atkinson,348.21
576,Euro Pro Shark Stick Mini Vacuum,Jack Lebron,60.98
577,Hon 5100 Series Wood Tables,Jack Lebron,290.98
578,Belkin ErgoBoard� Keyboard,Evan Minnotte,30.98
579,Riverleaf Stik-Withit� Designer Note Cubes�,Joy Smith,10.06
580,Coloredge Poster Frame,Dan Reichenbach,14.2
581,8860,Jack Lebron,65.99
582,Xerox 1920,Frank Atkinson,5.98
583,252,Frank Atkinson,65.99
584,Sharp 1540cs Digital Laser Copier,Erica Bern,549.99
585,"Holmes Replacement Filter for HEPA Air Cleaner, Very Large Room, HEPA Filter",Jack Lebron,68.81
586,Wilson Jones Impact Binders,Filia McAdams,5.18
587,GBC DocuBind 200 Manual Binding Machine,Jack Lebron,420.98
588,"Deflect-o SuperTray� Unbreakable Stackable Tray, Letter, Black",Jack Lebron,29.18
589,Sanford Liquid Accent Highlighters,Giulietta Baptist,6.68
590,Holmes Harmony HEPA Air Purifier for 17 x 20 Room,Joy Smith,225.04
591,SANFORD Liquid Accent� Tank-Style Highlighters,Joy Smith,2.84
592,Hon iLevel� Computer Training Table,Joy Smith,31.76
593,"Eldon� 200 Class� Desk Accessories, Burgundy",Greg Guthrie,6.28
594,"80 Minute CD-R Spindle, 100/Pack - Staples",Carlos Soltero,39.48
595,3M Hangers With Command Adhesive,Carlos Soltero,3.7
596,X-Rack� File for Hanging Folders,Harold Engle,11.29
597,688,Erica Bern,195.99
598,Ibico EB-19 Dual Function Manual Binding System,Erica Bern,172.99
599,"IBM Multi-Purpose Copy Paper, 8 1/2 x 11"", Case",Hilary Holden,30.98
600,Southworth 25% Cotton Premium Laser Paper and Envelopes,Hilary Holden,19.98
601,Timeport L7089,Jack Lebron,125.99
602,Safco Contoured Stacking Chairs,Filia McAdams,238.4
603,Canon PC-428 Personal Copier,Filia McAdams,199.99
604,Staples Standard Envelopes,Greg Guthrie,5.68
605,12-1/2 Diameter Round Wall Clock,Greg Guthrie,19.98
606,Lexmark Z55se Color Inkjet Printer,Harold Engle,90.97
607,Binder Clips by OIC,Philip Brown,1.48
608,Avanti 4.4 Cu. Ft. Refrigerator,Helen Abelman,180.98
609,"Fellowes Smart Surge Ten-Outlet Protector, Platinum",Hilary Holden,60.22
610,Canon PC-428 Personal Copier,Hilary Holden,199.99
611,Aluminum Document Frame,Christopher Schild,12.22
612,Wausau Papers Astrobrights� Colored Envelopes,Carlos Soltero,5.98
613,Newell 312,Carlos Soltero,5.84
614,"Pressboard Covers with Storage Hooks, 9 1/2"" x 11"", Light Blue",Erica Bern,4.91
615,Canon imageCLASS 2200 Advanced Copier,Erica Bern,3499.99
616,Newell 312,Erica Bern,5.84
617,"Chromcraft Bull-Nose Wood 48"" x 96"" Rectangular Conference Tables",Erica Bern,550.98
618,"Verbatim DVD-RAM, 9.4GB, Rewritable, Type 1, DS, DataLife Plus",Joy Smith,45.19
619,KF 788,Joy Smith,45.99
620,"Imation Neon Mac Format Diskettes, 10/Pack",Christopher Schild,8.12
621,"Deflect-o EconoMat Nonstudded, No Bevel Mat",Christopher Schild,51.65
622,Sanford Liquid Accent Highlighters,Christopher Schild,6.68
623,2180,Christopher Schild,175.99
624,Sharp AL-1530CS Digital Copier,Evan Minnotte,499.99
625,"Executive Impressions 14"" Contract Wall Clock",Christopher Schild,22.23
626,*Staples* Highlighting Markers,Greg Guthrie,4.84
627,Boston 19500 Mighty Mite Electric Pencil Sharpener,Harold Engle,20.15
628,Xerox 1995,Philip Brown,6.48
629,Self-Adhesive Ring Binder Labels,Carlos Soltero,3.52
630,Catalog Binders with Expanding Posts,Jennifer Braxton,67.28
631,*Staples* Packaging Labels,Dan Reichenbach,2.89
632,"Deflect-o EconoMat Studded, No Bevel Mat for Low Pile Carpeting",Dan Reichenbach,41.32
633,"Recycled Desk Saver Line ""While You Were Out"" Book, 5 1/2"" X 4""",Dan Reichenbach,8.95
634,9-3/4 Diameter Round Wall Clock,Carlos Soltero,13.79
635,Logitech Cordless Elite Duo,Carlos Soltero,100.98
636,Xerox 220,Carlos Soltero,6.48
637,Logitech Cordless Elite Duo,Giulietta Baptist,100.98
638,Canon Image Class D660 Copier,Jack Lebron,599.99
639,12 Colored Short Pencils,Guy Armstrong,2.6
640,Avery Legal 4-Ring Binder,Hilary Holden,20.98
641,Hoover� Commercial Lightweight Upright Vacuum,Jack Lebron,3.48
642,Colored Envelopes,Erica Bern,3.69
643,Xerox 1953,Erica Bern,4.28
644,GBC DocuBind 200 Manual Binding Machine,Harold Engle,420.98
645,DAX Natural Wood-Tone Poster Frame,Harold Engle,26.48
646,Staples Standard Envelopes,Jim Sink,5.68
647,"GBC Prepunched Paper, 19-Hole, for Binding Systems, 24-lb",Jennifer Braxton,15.01
648,Keytronic Designer 104- Key Black Keyboard,Jennifer Braxton,40.48
649,Recycled Eldon Regeneration Jumbo File,Jennifer Braxton,12.28
650,GBC Standard Plastic Binding Systems Combs,Joy Smith,8.85
651,Office Star Flex Back Scooter Chair with White Frame,Joy Smith,110.98
652,Xerox 1941,Harold Engle,104.85
653,"Global Deluxe Stacking Chair, Gray",Philip Brown,50.98
654,DAX Clear Channel Poster Frame,Philip Brown,14.58
655,Tenex B1-RE Series Chair Mats for Low Pile Carpets,Philip Brown,45.98
656,Belkin 105-Key Black Keyboard,Giulietta Baptist,19.98
657,Micro Innovations 104 Keyboard,Giulietta Baptist,10.97
658,GBC Imprintable Covers,Paul Gonzalez,10.98
659,"GBC Laser Imprintable Binding System Covers, Desert Sand",Logan Haushalter,14.27
660,"Sharp EL501VB Scientific Calculator, Battery Operated, 10-Digit Display, Hard Case",Logan Haushalter,9.49
661,Hon Multipurpose Stacking Arm Chairs,Filia McAdams,216.6
662,"Executive Impressions 14""",Carlos Soltero,22.23
663,Accessory2,Carlos Soltero,55.99
664,"Verbatim DVD-RAM, 5.2GB, Rewritable, Type 1, DS",Erica Bern,29.89
665,Southworth 25% Cotton Antique Laid Paper & Envelopes,Erica Bern,8.34
666,Bevis 36 x 72 Conference Tables,Greg Guthrie,124.49
667,Xerox 1936,Dan Reichenbach,19.98
668,"Eldon� 400 Class� Desk Accessories, Black Carbon",Jim Sink,8.75
669,"Dixon My First Ticonderoga Pencil, #2",Jim Sink,5.85
670,Durable Pressboard Binders,Carlos Soltero,3.8
671,"Adams Telephone Message Book w/Frequently-Called Numbers Space, 400 Messages per Book",Carlos Soltero,7.98
672,Bretford �Just In Time� Height-Adjustable Multi-Task Work Tables,Carlos Soltero,417.4
673,"Array� Parchment Paper, Assorted Colors",Chuck Magee,7.28
674,Avery Durable Poly Binders,Philip Brown,5.53
675,Dana Swing-Arm Lamps,Hilary Holden,10.68
676,"Rubbermaid ClusterMat Chairmats, Mat Size- 66"" x 60"", Lip 20"" x 11"" -90 Degree Angle",Hilary Holden,110.98
677,"Tenex 46"" x 60"" Computer Anti-Static Chairmat, Rectangular Shaped",Hilary Holden,105.98
678,HP Office Paper (20Lb. and 87 Bright),Hilary Holden,6.68
679,Bionaire Personal Warm Mist Humidifier/Vaporizer,Greg Guthrie,46.89
680,270c,Jennifer Braxton,125.99
681,T28 WORLD,Jennifer Braxton,195.99
682,"#10-4 1/8"" x 9 1/2"" Premium Diagonal Seam Envelopes",Erica Bern,15.74
683,CF 888,Jim Sink,195.99
684,GBC Standard Therm-A-Bind Covers,Noah Childs,24.92
685,Epson LQ-570e Dot Matrix Printer,Noah Childs,270.97
686,Staples Premium Bright 1-Part Blank Computer Paper,Noah Childs,12.28
687,Okidata ML390 Turbo Dot Matrix Printers,Evan Minnotte,442.14
688,"Hon Metal Bookcases, Black",Guy Armstrong,70.98
689,"24 Capacity Maxi Data Binder Racks, Pearl",Guy Armstrong,210.55
690,"Lesro Round Back Collection Coffee Table, End Table",Guy Armstrong,182.55
691,PC Concepts 116 Key Quantum 3000 Keyboard,Chuck Magee,32.98
692,"Wilson Jones Ledger-Size, Piano-Hinge Binder, 2"", Blue",Greg Guthrie,40.98
693,Bretford �Just In Time� Height-Adjustable Multi-Task Work Tables,Greg Guthrie,417.4
694,Accessory17,Carlos Soltero,35.99
695,Telescoping Adjustable Floor Lamp,Greg Guthrie,19.99
696,Xerox 1898,Greg Guthrie,6.68
697,"Barricks Non-Folding Utility Table with Steel Legs, Laminate Tops",Greg Guthrie,85.29
698,ACCOHIDE� Binder by Acco,Carlos Soltero,4.13
699,Eldon Executive Woodline II Cherry Finish Desk Accessories,Carlos Soltero,40.89
700,Belkin 8 Outlet Surge Protector,Greg Guthrie,40.98
701,"Executive Impressions 14"" Contract Wall Clock",Greg Guthrie,22.23
702,"Holmes Replacement Filter for HEPA Air Cleaner, Large Room",Christopher Schild,14.81
703,Bevis Steel Folding Chairs,Joy Smith,95.95
704,"Global Leather and Oak Executive Chair, Black",Joy Smith,300.98
705,"Snap-A-Way� Black Print Carbonless Ruled Speed Letter, Triplicate",Joy Smith,37.94
706,Fellowes Super Stor/Drawer� Files,Joy Smith,161.55
707,Logitech Cordless Navigator Duo,Joy Smith,80.98
708,Sharp EL500L Fraction Calculator,Joy Smith,13.99
709,White GlueTop Scratch Pads,Joy Smith,15.04
710,"Fellowes Strictly Business� Drawer File, Letter/Legal Size",Guy Armstrong,140.85
711,"Eureka Sanitaire � Multi-Pro Heavy-Duty Upright, Disposable Bags",Brian Moss,4.37
712,Cardinal Holdit Business Card Pockets,Brian Moss,4.98
713,Accessory36,Logan Haushalter,55.99
714,T193,Guy Armstrong,65.99
715,Sharp EL500L Fraction Calculator,Guy Armstrong,13.99
716,Tennsco Commercial Shelving,Guy Armstrong,20.34
717,T39m,Christopher Schild,155.99
718,Tennsco Industrial Shelving,Jim Sink,48.91
719,Office Star Flex Back Scooter Chair with Aluminum Finish Frame,Carlos Soltero,100.89
720,Colored Envelopes,Jennifer Braxton,3.69
721,Accessory13,Brian Moss,35.99
722,Xerox 197,Harold Engle,30.98
723,Bretford CR4500 Series Slim Rectangular Table,Harold Engle,348.21
724,Xerox 1976,Carlos Soltero,6.48
725,Hon 2090 �Pillow Soft� Series Mid Back Swivel/Tilt Chairs,Hilary Holden,280.98
726,Hammermill Color Copier Paper (28Lb. and 96 Bright),Hilary Holden,9.99
727,"GBC Prepunched Paper, 19-Hole, for Binding Systems, 24-lb",Logan Haushalter,15.01
728,"Acme Design Line 8"" Stainless Steel Bent Scissors w/Champagne Handles, 3-1/8"" Cut",Guy Armstrong,6.84
729,Serrated Blade or Curved Handle Hand Letter Openers,Erica Bern,3.14
730,"GE 48"" Fluorescent Tube, Cool White Energy Saver, 34 Watts, 30/Box",Logan Haushalter,99.23
731,Accessory4,Logan Haushalter,85.99
732,Hon GuestStacker Chair,Harold Engle,226.67
733,Belkin ErgoBoard� Keyboard,Christopher Schild,30.98
734,"TOPS Money Receipt Book, Consecutively Numbered in Red,",Helen Abelman,8.01
735,Xerox 1989,Helen Abelman,4.98
736,"GE 4 Foot Flourescent Tube, 40 Watt",Jack Lebron,14.98
737,"Bush Westfield Collection Bookcases, Fully Assembled",Jack Lebron,100.98
738,Nu-Dell Leatherette Frames,Jack Lebron,14.34
739,"Micro Innovations Micro Digital Wireless Keyboard and Mouse, Gray",Giulietta Baptist,83.1
740,"Snap-A-Way� Black Print Carbonless Ruled Speed Letter, Triplicate",Giulietta Baptist,37.94
741,Xerox 1994,Jim Sink,6.48
742,Dixon Ticonderoga Core-Lock Colored Pencils,Julie Creighton,9.11
743,CF 688,Julie Creighton,155.99
744,Fellowes Staxonsteel� Drawer Files,Sanjit Chand,193.17
745,Panasonic KP-350BK Electric Pencil Sharpener with Auto Stop,Matt Collins,34.58
746,Hanging Personal Folder File,Matt Collins,15.7
747,"Memorex 4.7GB DVD+RW, 3/Pack",Matt Collins,28.48
748,3285,Matt Collins,205.99
749,"Wirebound Message Books, Four 2 3/4"" x 5"" Forms per Page, 600 Sets per Book",Justin Knight,9.27
750,Office Star - Task Chair with Contemporary Loop Arms,Rob Haberlin,90.98
751,Acco Perma� 3000 Stacking Storage Drawers,Rob Haberlin,20.98
752,"80 Minute CD-R Spindle, 100/Pack - Staples",Rob Haberlin,39.48
753,Avery 479,Rob Haberlin,2.61
754,Fellowes Bankers Box� Staxonsteel� Drawer File/Stacking System,Rob Haberlin,64.98
755,"Imation Printable White 80 Minute CD-R Spindle, 50/Pack",Christina Vanderzanden,40.98
756,Eldon� Gobal File Keepers,Christina Vanderzanden,15.14
757,Kensington 7 Outlet MasterPiece� HOMEOFFICE Power Control Center,Matt Collins,131.12
758,2160i,Matt Collins,200.99
759,Sharp AL-1530CS Digital Copier,Sanjit Chand,499.99
760,"Seth Thomas 13 1/2"" Wall Clock",Matt Collins,17.78
761,"Tenex Carpeted, Granite-Look or Clear Contemporary Contour Shape Chair Mats",Justin Knight,70.71
762,Bretford Rectangular Conference Table Tops,Justin Knight,376.13
763,Wirebound Voice Message Log Book,Rob Haberlin,4.76
764,"80 Minute CD-R Spindle, 100/Pack - Staples",Lena Cacioppo,39.48
765,Avery 493,Lena Cacioppo,4.91
766,O'Sullivan Manor Hill 2-Door Library in Brianna Oak,Kimberly Carter,180.98
767,Novimex Swivel Fabric Task Chair,Gene Hale,150.98
768,"Imation Primaris 3.5"" 2HD Unformatted Diskettes, 10/Pack",Christina Vanderzanden,4.77
769,Project Tote Personal File,Matt Collins,14.03
770,3M Organizer Strips,Sally Knutson,5.4
771,"Imation 3.5"" DS-HD Macintosh Formatted Diskettes, 10/Pack",Kimberly Carter,7.28
772,"Sanford Colorific Colored Pencils, 12/Box",Christina Vanderzanden,2.88
773,R380,Christina Vanderzanden,195.99
774,Xerox 1899,Kimberly Carter,5.78
775,"Imation IBM Formatted Diskettes, 100/Pack",Kimberly Carter,28.48
776,Barrel Sharpener,Rob Haberlin,3.57
777,2160i,Rob Haberlin,200.99
778,A1228,Rob Haberlin,195.99
779,"Gould Plastics 9-Pocket Panel Bin, 18-3/8w x 5-1/4d x 20-1/2h, Black",Justin Knight,52.99
780,"Bush Westfield Collection Bookcases, Dark Cherry Finish, Fully Assembled",Justin Knight,100.98
781,Accessory34,Justin Knight,85.99
782,Bagged Rubber Bands,Christina Vanderzanden,1.26
783,Hammermill CopyPlus Copy Paper (20Lb. and 84 Bright),Marina Lichtenstein,4.98
784,"Panasonic All Digital Answering System with Caller ID*, KX-TM150B",Marina Lichtenstein,66.99
785,Wilson Jones� Four-Pocket Poly Binders,Justin Knight,6.54
786,"Dual Level, Single-Width Filing Carts",Justin Knight,155.06
787,Economy Binders,Gene Hale,2.08
788,Office Star - Mid Back Dual function Ergonomic High Back Chair with 2-Way Adjustable Arms,Gene Hale,160.98
789,X-Rack� File for Hanging Folders,Gene Hale,11.29
790,"Verbatim DVD-RAM, 5.2GB, Rewritable, Type 1, DS",Rob Haberlin,29.89
791,Newell 323,Gene Hale,1.68
792,Eldon Portable Mobile Manager,Gene Hale,28.28
793,Avery Binder Labels,Michelle Arnett,3.89
794,Eldon Jumbo ProFile� Portable File Boxes Graphite/Black,Sally Knutson,15.31
795,"Master Giant Foot� Doorstop, Safety Yellow",Rob Haberlin,7.59
796,Newell 315,Justin Knight,5.98
797,Kleencut� Forged Office Shears by Acme United Corporation,Justin Knight,2.08
798,Xerox 1983,Justin Knight,5.98
799,T61,Lena Cacioppo,45.99
800,Avery Poly Binder Pockets,Seth Vernon,3.58
801,"Bush Westfield Collection Bookcases, Fully Assembled",Seth Vernon,100.98
802,Xerox 196,Seth Vernon,5.78
803,Nu-Dell Leatherette Frames,Gene Hale,14.34
804,Colored Envelopes,Luke Weiss,3.69
805,"Pressboard Covers with Storage Hooks, 9 1/2"" x 11"", Light Blue",Justin Knight,4.91
806,Eldon Simplefile� Box Office�,Rob Haberlin,12.44
807,6190,Julie Creighton,65.99
808,Panasonic KX-P3200 Dot Matrix Printer,Sanjit Chand,297.64
809,Wilson Jones DublLock� D-Ring Binders,Justin Knight,6.75
810,"Wilson Jones Hanging View Binder, White, 1""",Justin Knight,7.1
811,"Fellowes Basic 104-Key Keyboard, Platinum",Justin Knight,20.95
812,Ibico Recycled Linen-Style Covers,Justin Knight,39.06
813,Self-Adhesive Ring Binder Labels,Justin Knight,3.52
814,"Tenex File Box, Personal Filing Tote with Lid, Black",Justin Knight,15.51
815,1726 Digital Answering Machine,Luke Weiss,20.99
816,DAX Clear Channel Poster Frame,Luke Weiss,14.58
817,"80 Minute Slim Jewel Case CD-R , 10/Pack - Staples",Christina Vanderzanden,8.33
818,Xerox 1891,Christina Vanderzanden,48.91
819,Xerox 220,Lena Cacioppo,6.48
820,Computer Printout Paper with Letter-Trim Perforations,Seth Vernon,18.97
821,Wausau Papers Astrobrights� Colored Envelopes,Sanjit Chand,5.98
822,"Executive Impressions 8-1/2"" Career Panel/Partition Cubicle Clock",Sanjit Chand,10.4
823,Belkin MediaBoard 104- Keyboard,Julie Creighton,27.48
824,"Executive Impressions 12"" Wall Clock",Sanjit Chand,17.67
825,Southworth 25% Cotton Antique Laid Paper & Envelopes,Sanjit Chand,8.34
826,6185,Sanjit Chand,205.99
827,"Eldon Spacemaker� Box, Quick-Snap Lid, Clear",Anthony Johnson,3.34
828,Xerox 1995,Anthony Johnson,6.48
829,Honeywell Quietcare HEPA Air Cleaner,Kimberly Carter,78.65
830,Xerox 1993,Kimberly Carter,6.48
831,"Hon Deluxe Fabric Upholstered Stacking Chairs, Rounded Back",Marina Lichtenstein,243.98
832,"Strathmore #10 Envelopes, Ultimate White",Sanjit Chand,52.71
833,Fellowes 8 Outlet Superior Workstation Surge Protector,Sally Knutson,41.71
834,"Tyvek Interoffice Envelopes, 9 1/2"" x 12 1/2"", 100/Box",Sally Knutson,60.98
835,Fiskars� Softgrip Scissors,Luke Weiss,10.98
836,Sanyo 2.5 Cubic Foot Mid-Size Office Refrigerators,Anthony Johnson,279.81
837,Accessory20,Michelle Arnett,85.99
838,Xerox 1971,Luke Weiss,4.28
839,5165,Luke Weiss,175.99
840,Lexmark Z54se Color Inkjet Printer,Luke Weiss,90.97
841,StarTAC 7760,Luke Weiss,65.99
842,"Premier Elliptical Ring Binder, Black",Rob Haberlin,30.44
843,Wilson Jones DublLock� D-Ring Binders,Julie Creighton,6.75
844,Micro Innovations 104 Keyboard,Julie Creighton,10.97
845,"Eldon Expressions Punched Metal & Wood Desk Accessories, Pewter & Cherry",Justin Knight,10.64
846,Eureka Disposable Bags for Sanitaire� Vibra Groomer I� Upright Vac,Sally Knutson,4.06
847,GBC Standard Plastic Binding Systems Combs,Sally Knutson,8.85
848,Avery 520,Sally Knutson,3.15
849,"Fellowes Premier Superior Surge Suppressor, 10-Outlet, With Phone and Remote",Michelle Arnett,48.92
850,"Cardinal Slant-D� Ring Binder, Heavy Gauge Vinyl",Michelle Arnett,8.69
851,Fiskars� Softgrip Scissors,Julie Creighton,10.98
852,"TOPS Money Receipt Book, Consecutively Numbered in Red,",Sally Knutson,8.01
853,Xerox 226,Sally Knutson,6.48
854,Sanford 52201 APSCO Electric Pencil Sharpener,Sally Knutson,40.97
855,Laminate Occasional Tables,Sally Knutson,154.13
856,Round Ring Binders,Kimberly Carter,2.08
857,Durable Pressboard Binders,Rob Haberlin,3.8
858,Avery 52,Rob Haberlin,3.69
859,Avery 492,Sally Knutson,2.88
860,"Executive Impressions 13"" Chairman Wall Clock",Sally Knutson,25.38
861,Binder Posts,Marina Lichtenstein,5.74
862,Avery 498,Christina DeMoss,2.89
863,Xerox 1891,Christina DeMoss,48.91
864,DIXON Oriole� Pencils,Luke Weiss,2.58
865,Avery Durable Binders,Sally Knutson,2.88
866,Avery 510,Michelle Arnett,3.75
867,"Super Bands, 12/Pack",Michelle Arnett,1.86
868,iDEN i95,Sanjit Chand,65.99
869,Staples 6 Outlet Surge,Anthony Johnson,11.97
870,Lock-Up Easel 'Spel-Binder',Anthony Johnson,28.53
871,"Memorex 4.7GB DVD+R, 3/Pack",Anthony Johnson,15.28
872,"3M Polarizing Task Lamp with Clamp Arm, Light Gray",Luke Weiss,136.98
873,"Advantus Employee of the Month Certificate Frame, 11 x 13-1/2",Luke Weiss,30.93
874,Office Star Flex Back Scooter Chair with White Frame,Rob Haberlin,110.98
875,"Howard Miller 11-1/2"" Diameter Ridgewood Wall Clock",Monica Federle,51.94
876,Southworth 25% Cotton Premium Laser Paper and Envelopes,Monica Federle,19.98
877,Howard Miller 12-3/4 Diameter Accuwave DS � Wall Clock,Kimberly Carter,78.69
878,Lock-Up Easel 'Spel-Binder',Michelle Arnett,28.53
879,StarTAC 7760,Michelle Arnett,65.99
880,"Seth Thomas 12"" Clock w/ Goldtone Case",Sanjit Chand,22.98
881,Bevis Round Conference Room Tables and Bases,Sanjit Chand,179.29
882,#10 Self-Seal White Envelopes,Marina Lichtenstein,11.09
883,Xerox 1885,Joy Smith,48.04
884,Fellowes Super Stor/Drawer� Files,Christina DeMoss,161.55
885,"Advantus Push Pins, Aluminum Head",Monica Federle,5.81
886,Acco Perma� 2700 Stacking Storage Drawers,Monica Federle,29.74
887,"Acco Pressboard Covers with Storage Hooks, 14 7/8"" x 11"", Dark Blue",Michelle Arnett,3.81
888,Bevis Steel Folding Chairs,Michelle Arnett,95.95
889,"Staples Vinyl Coated Paper Clips, 800/Box",Michelle Arnett,7.89
890,Bevis 36 x 72 Conference Tables,Michelle Arnett,124.49
891,Telescoping Adjustable Floor Lamp,Michelle Arnett,19.99
892,"Tenex Personal Self-Stacking Standard File Box, Black/Gray",Michelle Arnett,16.91
893,"Advantus Push Pins, Aluminum Head",Sally Knutson,5.81
894,"Micro Innovations Micro 3000 Keyboard, Black",Sally Knutson,26.31
895,LX 677,Christina DeMoss,110.99
896,"Bush Westfield Collection Bookcases, Fully Assembled",Joy Smith,100.98
897,Canon MP41DH Printing Calculator,Joy Smith,150.98
898,7160,Sonia Sunley,140.99
899,Belkin 8 Outlet SurgeMaster II Gold Surge Protector,Anthony O'Donnell,59.98
900,DAX Clear Channel Poster Frame,Anthony O'Donnell,14.58
901,"Memorex 4.7GB DVD-RAM, 3/Pack",Emily Grady,31.78
902,Prang Drawing Pencil Set,Emily Grady,2.78
903,Euro Pro Shark Stick Mini Vacuum,Alex Avila,60.98
904,M3682,Alex Avila,125.99
905,StarTAC 6500,Alex Avila,125.99
906,SAFCO Arco Folding Chair,Brian Moss,276.2
907,Eldon Advantage� Chair Mats for Low to Medium Pile Carpets,Emily Grady,43.31
908,SC7868i,Emily Grady,125.99
909,HP Office Recycled Paper (20Lb. and 87 Bright),Anna Andreadi,5.78
910,KF 788,Anna Andreadi,45.99
911,Logitech Internet Navigator Keyboard,Emily Grady,30.98
912,ACCOHIDE� Binder by Acco,Barbara Fisher,4.13
913,"O'Sullivan Elevations Bookcase, Cherry Finish",Barbara Fisher,130.98
914,Serrated Blade or Curved Handle Hand Letter Openers,Emily Grady,3.14
915,"Tyvek � Top-Opening Peel & Seel Envelopes, Plain White",Kelly Williams,27.18
916,Keytronic 105-Key Spanish Keyboard,Sonia Sunley,73.98
917,"*Staples* vLetter Openers, 2/Pack",Sonia Sunley,3.68
918,Hon 4700 Series Mobuis� Mid-Back Task Chairs with Adjustable Arms,Sonia Sunley,355.98
919,Office Star - Mid Back Dual function Ergonomic High Back Chair with 2-Way Adjustable Arms,Sonia Sunley,160.98
920,Global Adaptabilities� Conference Tables,Sonia Sunley,280.98
921,Motorola SB4200 Cable Modem,Sonia Sunley,179.99
922,"Acme Design Line 8"" Stainless Steel Bent Scissors w/Champagne Handles, 3-1/8"" Cut",Jocasta Rupert,6.84
923,Jet-Pak Recycled Peel 'N' Seal Padded Mailers,Sonia Sunley,35.89
924,Wilson Jones DublLock� D-Ring Binders,Kelly Williams,6.75
925,Strathmore Photo Mount Cards,Anna Andreadi,6.78
926,Xerox 1978,Rick Duston,5.78
927,"GBC White Gloss Covers, Plain Front",Sonia Sunley,14.48
928,GBC DocuBind 200 Manual Binding Machine,Angele Hood,420.98
929,Self-Adhesive Address Labels for Typewriters by Universal,Sonia Sunley,7.31
930,"O'Sullivan Elevations Bookcase, Cherry Finish",Sonia Sunley,130.98
931,Xerox 1891,Sonia Sunley,48.91
932,Fellowes Recycled Storage Drawers,Sonia Sunley,111.03
933,"1.7 Cubic Foot Compact ""Cube"" Office Refrigerators",Sonia Sunley,208.16
934,"DAX Contemporary Wood Frame with Silver Metal Mat, Desktop, 11 x 14 Size",Dennis Bolton,20.24
935,Newell 312,Stewart Carmichael,5.84
936,Avery 487,Dennis Bolton,3.69
937,Avery 487,Sonia Sunley,3.69
938,Serrated Blade or Curved Handle Hand Letter Openers,Sonia Sunley,3.14
939,"Eureka Hand Vacuum, Bagless",Stewart Carmichael,49.43
940,Airmail Envelopes,Kelly Williams,83.93
941,Keytronic French Keyboard,Sonia Sunley,73.98
942,TDK 4.7GB DVD-R,Kelly Williams,10.01
943,"Pressboard Covers with Storage Hooks, 9 1/2"" x 11"", Light Blue",Sonia Sunley,4.91
944,Hon Olson Stacker Stools,Sonia Sunley,140.81
945,Newell 314,Sonia Sunley,5.58
946,Global Ergonomic Managers Chair,Sonia Sunley,180.98
947,Xerox 1995,Sonia Sunley,6.48
948,Belkin 8 Outlet Surge Protector,Anna Andreadi,40.98
949,Canon Image Class D660 Copier,Seth Vernon,599.99
950,Xerox 1919,Seth Vernon,40.99
951,Eldon Jumbo ProFile� Portable File Boxes Graphite/Black,Seth Vernon,15.31
952,Accessory27,Alex Avila,35.99
953,Berol Giant Pencil Sharpener,Sarah Foster,16.99
954,Verbatim DVD-R 4.7GB authoring disc,Alex Avila,39.24
955,"TOPS Money Receipt Book, Consecutively Numbered in Red,",Alex Avila,8.01
956,Xerox 227,Anna Andreadi,6.48
957,"Sauder Forest Hills Library, Woodland Oak Finish",Angele Hood,140.98
958,GBC VeloBinder Electric Binding Machine,Sonia Sunley,120.98
959,Accessory4,Kelly Williams,85.99
960,"Lesro Sheffield Collection Coffee Table, End Table, Center Table, Corner Table",Anna Andreadi,71.37
961,"Adams Phone Message Book, Professional, 400 Message Capacity, 5 3/6� x 11�",Alex Avila,6.98
962,Microsoft Internet Keyboard,Jim Karlsson,20.97
963,Xerox 1962,Sonia Sunley,4.28
964,636,Alex Avila,115.99
965,Global Commerce� Series High-Back Swivel/Tilt Chairs,Lisa DeCherney,284.98
966,Wilson Jones Easy Flow II� Sheet Lifters,Barbara Fisher,1.8
967,Avery White Multi-Purpose Labels,Barbara Fisher,4.98
968,Accessory25,Barbara Fisher,20.99
969,Xerox 199,Lisa DeCherney,4.28
970,Bretford Rectangular Conference Table Tops,Lisa DeCherney,376.13
971,Bush Advantage Collection� Racetrack Conference Table,Lisa DeCherney,424.21
972,T28 WORLD,Lisa DeCherney,195.99
973,Hon Comfortask� Task/Swivel Chairs,Barbara Fisher,113.98
974,Fellowes 17-key keypad for PS/2 interface,Barbara Fisher,30.73
975,Xerox 1938,Barbara Fisher,47.9
976,"Executive Impressions 12"" Wall Clock",Alex Avila,17.67
977,1726 Digital Answering Machine,Roy Skaria,20.99
978,Hon 4070 Series Pagoda� Armless Upholstered Stacking Chairs,Angele Hood,291.73
979,Rediform S.O.S. Phone Message Books,Seth Vernon,4.98
980,StarTAC 3000,Seth Vernon,125.99
981,Staples� General Use 3-Ring Binders,Sarah Foster,1.88
982,Adesso Programmable 142-Key Keyboard,Kelly Williams,152.48
983,"ACCOHIDE� 3-Ring Binder, Blue, 1""",Dennis Bolton,4.13
984,Ampad #10 Peel & Seel� Holiday Envelopes,Dennis Bolton,4.48
985,"Imation 3.5"" DS-HD Macintosh Formatted Diskettes, 10/Pack",Roy Skaria,7.28
986,Durable Pressboard Binders,Jim Karlsson,3.8
987,"Global Leather and Oak Executive Chair, Black",Jim Karlsson,300.98
988,3M Organizer Strips,Barbara Fisher,5.4
989,Xerox 1983,Anna Andreadi,5.98
990,Advantus Map Pennant Flags and Round Head Tacks,Seth Vernon,3.95
991,Office Star - Mid Back Dual function Ergonomic High Back Chair with 2-Way Adjustable Arms,Alex Avila,160.98
992,"Belkin 107-key enhanced keyboard, USB/PS/2 interface",Alex Avila,17.98
993,5185,Alex Avila,115.99
994,Hon Every-Day� Chair Series Swivel Task Chairs,Sonia Sunley,120.98
995,Avery 494,Lisa DeCherney,2.61
996,Xerox 1905,Dennis Bolton,6.48
997,Dana Halogen Swing-Arm Architect Lamp,Anthony O'Donnell,40.97
998,Maxell DVD-RAM Discs,Barbara Fisher,16.48
999,"DAX Contemporary Wood Frame with Silver Metal Mat, Desktop, 11 x 14 Size",Barbara Fisher,20.24
1000,Computer Printout Paper with Letter-Trim Perforations,Barbara Fisher,18.97
